<?xml version="1.0" encoding="UTF-8"?>
<addon id="plugin.video.flixy" version="2.0.3" name="FLIXY" provider-name="Dev Goyal">
<requires>
	<import addon="script.module.six" />
	<import addon="script.module.kodi-six" />
	<import addon="script.module.requests" version="2.4.3"/>
	<import addon="script.module.web-pdb"/>
	<import addon="script.module.inputstreamhelper" version="0.5.2"/>

</requires>
<extension point="xbmc.python.pluginsource" library="main.py">
	<provides>video</provides>
</extension>
<extension point="xbmc.addon.metadata">
	<summary>Flixy is a one stop destination for Audio/Video content from Flixy Pictures Networks</summary>
	<description>Flixy.ga Plugin</description>
	<platform>all</platform>
	<website>https://www.flixy.com/</website>
	<news>
[B]Version 1.1.7 - 10 Nov 2019[/B]
- Initial BuildS
	</news>
	<assets>
		<icon>icon.png</icon>
		<fanart>fanart.jpg</fanart>
	</assets>
</extension>
</addon>
